{
  "warnings": {
    "1324163542420819978_873200319536967772": [
      {
        "reason": "Nedefinit",
        "moderator": "andreileonete",
        "timestamp": 1762607142385
      }
    ],
    "1324163542420819978_1424649745506369669": [
      {
        "reason": "Nedefinit",
        "moderator": "andreileonete",
        "timestamp": 1762607343557
      }
    ],
    "1324163542420819978_1040589708725596172": [
      {
        "reason": "Nedefinit",
        "moderator": "andreileonete",
        "timestamp": 1762607351163
      },
      {
        "reason": "Nedefinit",
        "moderator": "andreileonete",
        "timestamp": 1762607355948
      },
      {
        "reason": "Nedefinit",
        "moderator": "andreileonete",
        "timestamp": 1762607361707
      }
    ]
  },
  "levels": {},
  "xp": {}
}